Id,Category
0, 2
1, 10
2, 4
3, 9
4, 7
5, 3
6, 9
7, 10
8, 2
9, 2
10, 4
11, 0
12, 6
13, 10
14, 5
15, 4
16, 9
17, 4
18, 5
19, 9
20, 3
21, 5
22, 3
23, 3
24, 9
25, 3
26, 10
27, 4
28, 6
29, 8
30, 5
31, 9
32, 2
33, 2
34, 2
35, 9
36, 5
37, 10
38, 10
39, 2
40, 6
41, 2
42, 2
43, 2
44, 5
45, 1
46, 10
47, 3
48, 0
49, 9
50, 10
51, 1
52, 3
53, 3
54, 2
55, 8
56, 7
57, 9
58, 6
59, 2
60, 5
61, 8
62, 2
63, 3
64, 10
65, 8
66, 3
67, 9
68, 4
69, 10
70, 5
71, 5
72, 6
73, 8
74, 9
75, 6
76, 4
77, 2
78, 2
79, 9
80, 4
81, 1
82, 9
83, 8
84, 6
85, 2
86, 4
87, 4
88, 10
89, 6
90, 5
91, 2
92, 4
93, 5
94, 6
95, 6
96, 1
97, 2
98, 6
99, 10
100, 2
101, 2
102, 5
103, 8
104, 4
105, 7
106, 6
107, 5
108, 9
109, 3
110, 5
111, 5
112, 2
113, 3
114, 9
115, 4
116, 9
117, 7
118, 9
119, 3
120, 0
121, 5
122, 0
123, 5
124, 1
125, 8
126, 7
127, 8
128, 10
129, 9
130, 5
131, 3
132, 10
133, 0
134, 2
135, 3
136, 3
137, 10
138, 3
139, 0
140, 8
141, 4
142, 6
143, 5
144, 1
145, 4
146, 9
147, 5
148, 2
149, 2
150, 5
151, 4
152, 6
153, 0
154, 2
155, 1
156, 2
157, 2
158, 8
159, 2
160, 5
161, 4
162, 5
163, 5
164, 8
165, 2
166, 5
167, 8
168, 3
169, 9
170, 10
171, 2
172, 2
173, 4
174, 9
175, 2
176, 9
177, 10
178, 8
179, 5
180, 0
181, 8
182, 9
183, 5
184, 10
185, 9
186, 10
187, 2
188, 2
189, 4
190, 9
191, 3
192, 2
193, 3
194, 5
195, 5
196, 8
197, 9
198, 0
199, 4
200, 9
201, 2
202, 8
203, 7
204, 4
205, 0
206, 7
207, 9
208, 10
209, 4
210, 2
211, 5
212, 10
213, 2
214, 2
215, 0
216, 10
217, 0
218, 9
219, 5
220, 5
221, 2
222, 2
223, 6
224, 5
225, 5
226, 2
227, 9
228, 6
229, 3
230, 2
231, 2
232, 7
233, 4
234, 1
235, 9
236, 0
237, 10
238, 4
239, 2
240, 5
241, 3
242, 2
243, 4
244, 9
245, 5
246, 0
247, 9
248, 10
249, 5
250, 9
251, 3
252, 2
253, 2
254, 5
255, 0
256, 2
257, 9
258, 3
259, 4
260, 4
261, 8
262, 7
263, 4
264, 5
265, 9
266, 1
267, 3
268, 0
269, 9
270, 2
271, 3
272, 10
273, 5
274, 5
275, 1
276, 9
277, 2
278, 9
279, 9
280, 9
281, 9
282, 2
283, 0
284, 10
285, 0
286, 2
287, 4
288, 3
289, 10
290, 9
291, 0
292, 8
293, 8
294, 5
295, 2
296, 7
297, 5
298, 5
299, 5
300, 2
301, 9
302, 3
303, 1
304, 5
305, 10
306, 2
307, 3
308, 9
309, 3
310, 9
311, 3
312, 7
313, 8
314, 8
315, 3
316, 7
317, 5
318, 5
319, 9
320, 2
321, 2
322, 5
323, 0
324, 4
325, 5
326, 5
327, 6
328, 10
329, 4
330, 3
331, 0
332, 5
333, 9
334, 4
335, 2
336, 3
337, 2
338, 5
339, 2
340, 9
341, 6
342, 5
343, 3
344, 2
345, 5
346, 4
347, 6
348, 4
349, 9
350, 5
351, 2
352, 6
353, 2
354, 6
355, 2
356, 0
357, 10
358, 10
359, 4
360, 9
361, 5
362, 10
363, 2
364, 5
365, 5
366, 4
367, 3
368, 2
369, 6
370, 9
371, 4
372, 5
373, 4
374, 3
375, 3
376, 9
377, 9
378, 8
379, 5
380, 10
381, 6
382, 3
383, 8
384, 2
385, 3
386, 2
387, 10
388, 10
389, 8
390, 2
391, 7
392, 10
393, 8
394, 6
395, 2
396, 8
397, 8
398, 8
399, 9
400, 9
401, 4
402, 9
403, 9
404, 10
405, 3
406, 10
407, 5
408, 5
409, 4
410, 6
411, 7
412, 3
413, 7
414, 3
415, 7
416, 5
417, 5
418, 2
419, 2
420, 5
421, 2
422, 2
423, 10
424, 3
425, 0
426, 3
427, 9
428, 9
429, 9
430, 5
431, 2
432, 6
433, 2
434, 0
435, 2
436, 8
437, 10
438, 1
439, 2
440, 10
441, 4
442, 2
443, 0
444, 5
445, 3
446, 0
447, 10
448, 0
449, 2
450, 4
451, 9
452, 0
453, 2
454, 6
455, 6
456, 5
457, 8
458, 8
459, 10
460, 10
461, 9
462, 10
463, 4
464, 2
465, 2
466, 6
467, 7
468, 3
469, 0
470, 5
471, 4
472, 8
473, 8
474, 9
475, 2
476, 6
477, 2
478, 0
479, 6
480, 2
481, 4
482, 3
483, 1
484, 10
485, 5
486, 8
487, 9
488, 5
489, 9
490, 3
491, 2
492, 7
493, 2
494, 2
495, 2
496, 8
497, 10
498, 6
499, 10
500, 9
501, 1
502, 6
503, 6
504, 4
505, 6
506, 6
507, 8
508, 10
509, 10
510, 2
511, 6
512, 9
513, 4
514, 0
515, 2
516, 9
517, 9
518, 5
519, 3
520, 0
521, 3
522, 6
523, 9
524, 1
525, 5
526, 9
527, 9
528, 6
529, 0
530, 4
531, 1
532, 3
533, 3
534, 7
535, 10
536, 2
537, 6
538, 8
539, 6
540, 2
541, 9
542, 5
543, 0
544, 9
545, 8
546, 0
547, 5
548, 3
549, 10
550, 9
551, 5
552, 9
553, 0
554, 4
555, 8
556, 2
557, 5
558, 9
559, 2
560, 7
561, 1
562, 2
563, 10
564, 0
565, 4
566, 5
567, 1
568, 5
569, 3
570, 9
571, 5
572, 2
573, 5
574, 2
575, 5
576, 8
577, 0
578, 4
579, 3
580, 9
581, 5
582, 9
583, 9
584, 3
585, 6
586, 5
587, 2
588, 7
589, 5
590, 4
591, 4
592, 4
593, 5
594, 2
595, 9
596, 0
597, 0
598, 4
599, 4
600, 5
601, 10
602, 0
603, 6
604, 3
605, 9
606, 9
607, 4
608, 2
609, 3
610, 5
611, 9
612, 2
613, 3
614, 2
615, 10
616, 8
617, 9
618, 0
619, 9
620, 7
621, 3
622, 4
623, 5
624, 3
625, 3
626, 3
627, 5
628, 2
629, 6
630, 3
631, 5
632, 2
633, 2
634, 2
635, 2
636, 9
637, 1
638, 8
639, 3
640, 10
641, 3
642, 2
643, 4
644, 3
645, 4
646, 7
647, 2
648, 5
649, 3
650, 7
651, 10
652, 4
653, 5
654, 2
655, 5
656, 5
657, 5
658, 9
659, 3
660, 1
661, 6
662, 3
663, 9
664, 9
665, 1
666, 0
667, 2
668, 9
669, 0
670, 4
671, 9
672, 2
673, 2
674, 5
675, 0
676, 3
677, 5
678, 2
679, 1
680, 1
681, 2
682, 5
683, 8
684, 2
685, 0
686, 2
687, 2
688, 10
689, 6
690, 2
691, 9
692, 0
693, 5
694, 4
695, 8
696, 6
697, 8
698, 0
699, 9
700, 7
701, 8
702, 10
703, 0
704, 8
705, 10
706, 8
707, 5
708, 2
709, 9
710, 8
711, 8
712, 6
713, 9
714, 6
715, 4
716, 3
717, 5
718, 4
719, 9
720, 10
721, 6
722, 4
723, 10
724, 9
725, 4
726, 5
727, 3
728, 5
729, 0
730, 8
731, 1
732, 2
733, 5
734, 4
735, 2
736, 3
737, 0
738, 5
739, 7
740, 3
741, 3
742, 3
743, 3
744, 0
745, 2
746, 2
747, 2
748, 6
749, 8
750, 5
751, 2
752, 5
753, 5
754, 2
755, 2
756, 8
757, 10
758, 9
759, 2
760, 2
761, 4
762, 0
763, 6
764, 1
765, 3
766, 2
767, 9
768, 2
769, 10
770, 2
771, 4
772, 8
773, 5
774, 6
775, 8
776, 8
777, 5
778, 5
779, 4
780, 4
781, 6
782, 5
783, 9
784, 8
785, 8
786, 0
787, 0
788, 8
789, 10
790, 5
791, 8
792, 7
793, 9
794, 7
795, 9
796, 9
797, 2
798, 5
799, 2
800, 4
801, 1
802, 0
803, 8
804, 0
805, 3
806, 10
807, 8
808, 10
809, 4
810, 4
811, 9
812, 2
813, 5
814, 4
815, 4
816, 5
817, 2
818, 0
819, 2
820, 10
821, 8
822, 9
823, 10
824, 0
825, 3
826, 0
827, 2
828, 9
829, 0
830, 3
831, 1
832, 8
833, 0
834, 8
835, 6
836, 5
837, 2
838, 8
839, 3
840, 5
841, 10
842, 5
843, 0
844, 8
845, 2
846, 2
847, 4
848, 0
849, 8
850, 0
851, 9
852, 2
853, 3
854, 10
855, 10
856, 10
857, 10
858, 0
859, 2
860, 1
861, 0
862, 5
863, 9
864, 3
865, 2
866, 2
867, 10
868, 8
869, 2
870, 0
871, 4
872, 5
873, 6
874, 9
875, 3
876, 8
877, 2
878, 5
879, 10
880, 5
881, 9
882, 9
883, 6
884, 5
885, 8
886, 0
887, 4
888, 5
889, 0
890, 6
891, 2
892, 5
893, 4
894, 0
895, 2
896, 3
897, 5
898, 4
899, 9
900, 6
901, 10
902, 6
903, 9
904, 5
905, 4
906, 7
907, 5
908, 9
909, 9
910, 10
911, 7
912, 2
913, 2
914, 4
915, 3
916, 5
917, 3
918, 9
919, 5
920, 3
921, 4
922, 8
923, 9
924, 9
925, 2
926, 5
927, 0
928, 4
929, 9
930, 9
931, 2
932, 2
933, 4
934, 0
935, 5
936, 1
937, 9
938, 8
939, 2
940, 9
941, 5
942, 3
943, 10
944, 2
945, 10
946, 7
947, 8
948, 7
949, 2
950, 7
951, 4
952, 6
953, 9
954, 1
955, 2
956, 6
957, 6
958, 2
959, 9
960, 2
961, 8
962, 7
963, 10
964, 5
965, 6
966, 9
967, 5
968, 2
969, 4
970, 2
971, 0
972, 8
973, 2
974, 3
975, 2
976, 7
977, 5
978, 9
979, 0
980, 0
981, 6
982, 0
983, 9
984, 3
985, 1
986, 10
987, 2
988, 2
989, 0
990, 5
991, 6
992, 8
993, 6
994, 3
995, 8
996, 4
997, 2
998, 9
999, 2
1000, 9
1001, 2
1002, 10
1003, 7
1004, 1
1005, 6
1006, 3
1007, 5
1008, 4
1009, 5
1010, 5
1011, 0
1012, 6
1013, 2
1014, 0
1015, 10
1016, 4
1017, 5
1018, 2
1019, 9
1020, 5
1021, 9
1022, 5
1023, 8
1024, 9
1025, 5
1026, 10
1027, 0
1028, 8
1029, 5
1030, 10
1031, 4
1032, 6
1033, 2
1034, 8
1035, 10
1036, 8
1037, 4
1038, 5
1039, 8
1040, 9
1041, 8
1042, 9
1043, 2
1044, 3
1045, 9
1046, 2
1047, 5
1048, 5
1049, 9
1050, 3
1051, 3
1052, 9
1053, 5
1054, 8
1055, 9
1056, 0
1057, 5
1058, 3
1059, 9
1060, 10
1061, 10
1062, 5
1063, 10
1064, 9
1065, 5
1066, 4
1067, 10
1068, 4
1069, 9
1070, 9
1071, 6
1072, 0
1073, 5
1074, 10
1075, 2
1076, 5
1077, 5
1078, 2
1079, 10
1080, 9
1081, 5
1082, 6
1083, 9
1084, 5
1085, 3
1086, 6
1087, 5
1088, 9
1089, 4
1090, 1
1091, 2
1092, 1
1093, 5
1094, 5
1095, 1
1096, 10
1097, 2
1098, 4
1099, 6
1100, 9
1101, 1
1102, 5
1103, 4
1104, 6
1105, 2
1106, 9
1107, 10
1108, 8
1109, 9
1110, 2
1111, 9
1112, 2
1113, 9
1114, 3
1115, 3
1116, 9
1117, 5
1118, 5
1119, 6
1120, 6
1121, 9
1122, 2
1123, 3
1124, 1
1125, 9
1126, 6
1127, 3
1128, 8
1129, 4
1130, 2
1131, 2
1132, 2
1133, 6
1134, 4
1135, 8
1136, 6
1137, 9
1138, 0
1139, 0
1140, 9
1141, 3
1142, 9
1143, 5
1144, 8
1145, 3
1146, 2
1147, 10
1148, 3
1149, 10
1150, 4
1151, 2
1152, 5
1153, 0
1154, 2
1155, 9
1156, 2
1157, 5
1158, 2
1159, 3
1160, 2
1161, 8
1162, 9
1163, 9
1164, 10
1165, 2
1166, 0
1167, 5
1168, 0
1169, 5
1170, 4
1171, 9
1172, 7
1173, 2
1174, 8
1175, 0
1176, 10
1177, 1
1178, 4
1179, 4
1180, 1
1181, 6
1182, 4
1183, 5
1184, 1
1185, 6
1186, 3
1187, 5
1188, 2
1189, 9
1190, 7
1191, 5
1192, 8
1193, 6
1194, 10
1195, 3
1196, 0
1197, 5
1198, 3
1199, 9
1200, 5
1201, 5
1202, 2
1203, 3
1204, 8
1205, 5
1206, 8
1207, 9
1208, 9
1209, 3
1210, 9
1211, 0
1212, 5
1213, 10
1214, 2
1215, 2
1216, 8
1217, 10
1218, 0
1219, 9
1220, 10
1221, 8
1222, 5
1223, 2
1224, 2
1225, 6
1226, 2
1227, 6
1228, 2
1229, 9
1230, 2
1231, 2
1232, 10
1233, 5
1234, 5
1235, 8
1236, 4
1237, 0
1238, 4
1239, 9
1240, 2
1241, 2
1242, 8
1243, 9
1244, 9
1245, 8
1246, 4
1247, 5
1248, 3
1249, 5
1250, 8
1251, 9
1252, 10
1253, 2
1254, 5
1255, 6
1256, 5
1257, 10
1258, 8
1259, 1
1260, 0
1261, 2
1262, 2
1263, 0
1264, 4
1265, 9
1266, 5
1267, 10
1268, 8
1269, 5
1270, 2
1271, 2
1272, 2
1273, 2
1274, 2
1275, 0
1276, 5
1277, 10
1278, 10
1279, 2
1280, 1
1281, 2
1282, 9
1283, 5
1284, 0
1285, 2
1286, 1
1287, 2
1288, 10
1289, 8
1290, 8
1291, 8
1292, 5
1293, 5
1294, 10
1295, 5
1296, 2
1297, 5
1298, 9
1299, 2
1300, 9
1301, 4
1302, 5
1303, 4
1304, 0
1305, 9
1306, 2
1307, 9
1308, 2
1309, 5
1310, 5
1311, 3
1312, 2
1313, 9
1314, 2
1315, 3
1316, 4
1317, 10
1318, 5
1319, 10
1320, 2
1321, 6
1322, 3
1323, 9
1324, 8
1325, 2
1326, 0
1327, 4
1328, 4
1329, 1
1330, 10
1331, 9
1332, 2
1333, 2
1334, 5
1335, 4
1336, 8
1337, 5
1338, 9
1339, 1
1340, 10
1341, 1
1342, 4
1343, 8
1344, 9
1345, 7
1346, 8
1347, 7
1348, 2
1349, 1
1350, 3
1351, 5
1352, 2
1353, 8
1354, 0
1355, 3
1356, 5
1357, 6
1358, 2
1359, 9
1360, 0
1361, 9
1362, 5
1363, 2
1364, 10
1365, 6
1366, 6
1367, 2
1368, 8
1369, 9
1370, 8
1371, 9
1372, 5
1373, 2
1374, 9
1375, 4
1376, 10
1377, 8
1378, 4
1379, 8
1380, 4
1381, 3
1382, 8
1383, 3
1384, 5
1385, 4
1386, 4
1387, 8
1388, 9
1389, 9
1390, 10
1391, 5
1392, 2
1393, 5
1394, 2
1395, 2
1396, 10
1397, 2
1398, 8
1399, 9
1400, 8
1401, 9
1402, 9
1403, 9
1404, 9
1405, 4
1406, 10
1407, 5
1408, 5
1409, 2
1410, 7
1411, 4
1412, 6
1413, 8
1414, 8
1415, 5
1416, 5
1417, 0
1418, 2
1419, 0
1420, 10
1421, 2
1422, 3
1423, 0
1424, 10
1425, 2
1426, 0
1427, 0
1428, 2
1429, 0
1430, 9
1431, 7
1432, 8
1433, 5
1434, 8
1435, 6
1436, 5
1437, 6
1438, 5
1439, 2
1440, 9
1441, 3
1442, 2
1443, 8
1444, 10
1445, 7
1446, 1
1447, 10
1448, 7
1449, 5
1450, 3
1451, 4
1452, 8
1453, 9
1454, 2
1455, 0
1456, 9
1457, 4
1458, 4
1459, 2
1460, 2
1461, 5
1462, 2
1463, 5
1464, 9
1465, 5
1466, 8
1467, 9
1468, 1
1469, 0
1470, 2
1471, 1
1472, 2
1473, 2
1474, 3
1475, 10
1476, 9
1477, 4
1478, 2
1479, 6
1480, 9
1481, 5
1482, 9
1483, 9
1484, 4
1485, 5
1486, 4
1487, 3
1488, 7
1489, 2
1490, 2
1491, 8
1492, 8
1493, 5
1494, 10
1495, 9
1496, 9
1497, 0
1498, 4
1499, 10
1500, 2
1501, 7
1502, 8
1503, 2
1504, 9
1505, 9
1506, 6
1507, 7
1508, 8
1509, 2
1510, 0
1511, 10
1512, 2
1513, 3
1514, 5
1515, 9
1516, 10
1517, 5
1518, 8
1519, 2
1520, 5
1521, 2
1522, 7
1523, 0
1524, 4
1525, 5
1526, 6
1527, 0
1528, 4
1529, 4
1530, 10
1531, 6
1532, 0
1533, 2
1534, 5
1535, 0
1536, 0
1537, 5
1538, 5
1539, 9
1540, 9
1541, 6
1542, 4
1543, 6
1544, 6
1545, 6
1546, 9
1547, 2
1548, 10
1549, 4
1550, 2
1551, 8
1552, 6
1553, 9
1554, 5
1555, 2
1556, 2
1557, 2
1558, 6
1559, 9
1560, 0
1561, 0
1562, 3
1563, 9
1564, 7
1565, 6
1566, 9
1567, 0
1568, 0
1569, 4
1570, 3
1571, 2
1572, 10
1573, 2
1574, 10
1575, 4
1576, 9
1577, 9
1578, 2
1579, 7
1580, 9
1581, 6
1582, 0
1583, 9
1584, 10
1585, 0
1586, 4
1587, 5
1588, 9
1589, 4
1590, 2
1591, 10
1592, 9
1593, 10
1594, 8
1595, 4
1596, 10
1597, 7
1598, 3
1599, 10
1600, 9
1601, 4
1602, 5
1603, 9
1604, 8
1605, 8
1606, 3
1607, 2
1608, 3
1609, 6
1610, 2
1611, 0
1612, 9
1613, 9
1614, 6
1615, 2
1616, 0
1617, 9
1618, 3
1619, 4
1620, 4
1621, 4
1622, 2
1623, 5
1624, 10
1625, 2
1626, 3
1627, 2
1628, 9
1629, 1
1630, 5
1631, 4
1632, 5
1633, 3
1634, 8
1635, 3
1636, 3
1637, 3
1638, 5
1639, 1
1640, 4
1641, 7
1642, 5
1643, 0
1644, 4
1645, 2
1646, 9
1647, 8
1648, 9
1649, 8
1650, 7
1651, 2
1652, 5
1653, 3
1654, 9
1655, 3
1656, 1
1657, 3
1658, 5
1659, 4
1660, 4
1661, 2
1662, 1
1663, 5
1664, 5
1665, 6
1666, 8
1667, 0
1668, 0
1669, 4
1670, 5
1671, 2
1672, 7
1673, 5
1674, 9
1675, 0
1676, 5
1677, 4
1678, 5
1679, 3
1680, 6
1681, 5
1682, 4
1683, 3
1684, 5
1685, 5
1686, 8
1687, 3
1688, 8
1689, 2
1690, 2
1691, 2
1692, 5
1693, 9
1694, 5
1695, 9
1696, 8
1697, 6
1698, 9
1699, 5
1700, 0
1701, 9
1702, 8
1703, 0
1704, 2
1705, 8
1706, 4
1707, 10
1708, 2
1709, 6
1710, 3
1711, 10
1712, 5
1713, 4
1714, 4
1715, 7
1716, 2
1717, 5
1718, 9
1719, 5
1720, 8
1721, 3
1722, 4
1723, 2
1724, 9
1725, 2
1726, 0
1727, 10
1728, 1
1729, 3
1730, 2
1731, 8
1732, 9
1733, 2
1734, 0
1735, 6
1736, 0
1737, 6
1738, 3
1739, 8
1740, 5
1741, 7
1742, 9
1743, 9
1744, 3
1745, 0
1746, 10
1747, 4
1748, 9
1749, 9
1750, 0
1751, 5
1752, 3
1753, 3
1754, 3
1755, 5
1756, 3
1757, 6
1758, 5
1759, 9
1760, 2
1761, 4
1762, 9
1763, 6
1764, 1
1765, 9
1766, 3
1767, 5
1768, 0
1769, 8
1770, 5
1771, 8
1772, 10
1773, 5
1774, 3
1775, 5
1776, 10
1777, 9
1778, 1
1779, 0
1780, 4
1781, 8
1782, 2
1783, 9
1784, 9
1785, 6
1786, 2
1787, 8
1788, 1
1789, 9
1790, 8
1791, 0
1792, 2
1793, 3
1794, 4
1795, 9
1796, 5
1797, 10
1798, 2
1799, 1
1800, 9
1801, 4
1802, 5
1803, 8
1804, 6
1805, 4
1806, 9
1807, 5
1808, 9
1809, 4
1810, 3
1811, 4
1812, 5
1813, 1
1814, 10
1815, 2
1816, 6
1817, 2
1818, 2
1819, 10
1820, 9
1821, 10
1822, 8
1823, 0
1824, 1
1825, 2
1826, 2
1827, 9
1828, 9
1829, 5
1830, 0
1831, 2
1832, 8
1833, 2
1834, 6
1835, 1
1836, 10
1837, 9
1838, 2
1839, 1
1840, 4
1841, 2
1842, 2
1843, 8
1844, 5
1845, 5
1846, 6
1847, 2
1848, 3
1849, 8
1850, 2
1851, 5
1852, 0
1853, 4
1854, 7
1855, 1
1856, 6
1857, 6
1858, 1
1859, 6
1860, 8
1861, 2
1862, 0
1863, 5
1864, 8
1865, 0
1866, 2
1867, 0
1868, 1
1869, 0
1870, 1
1871, 5
1872, 2
1873, 10
1874, 0
1875, 10
1876, 8
1877, 4
1878, 5
1879, 6
1880, 3
1881, 8
1882, 5
1883, 3
1884, 4
1885, 0
1886, 8
1887, 0
1888, 5
1889, 2
1890, 4
1891, 2
1892, 9
1893, 7
1894, 3
1895, 0
1896, 3
1897, 5
1898, 6
1899, 5
1900, 2
1901, 3
1902, 5
1903, 0
1904, 8
1905, 2
1906, 5
1907, 5
1908, 1
1909, 5
1910, 10
1911, 5
1912, 0
1913, 2
1914, 9
1915, 9
1916, 5
1917, 2
1918, 6
1919, 3
1920, 8
1921, 5
1922, 10
1923, 3
1924, 4
1925, 5
1926, 5
1927, 2
1928, 8
1929, 3
1930, 5
1931, 8
1932, 0
1933, 2
1934, 5
1935, 8
1936, 10
1937, 0
1938, 0
1939, 2
1940, 6
1941, 4
1942, 4
1943, 9
1944, 6
1945, 9
1946, 0
1947, 7
1948, 10
1949, 5
1950, 9
1951, 10
1952, 10
1953, 6
1954, 8
1955, 2
1956, 2
1957, 3
1958, 9
1959, 2
1960, 9
1961, 10
1962, 9
1963, 6
1964, 9
1965, 10
1966, 5
1967, 5
1968, 6
1969, 5
1970, 6
1971, 2
1972, 4
1973, 9
1974, 0
1975, 1
1976, 9
1977, 10
1978, 9
1979, 4
1980, 5
1981, 7
1982, 3
1983, 2
1984, 7
1985, 2
1986, 2
1987, 3
1988, 0
1989, 8
1990, 2
1991, 4
1992, 10
1993, 3
1994, 5
1995, 10
1996, 0
1997, 8
1998, 0
1999, 0
2000, 5
2001, 5
2002, 9
2003, 4
2004, 5
2005, 7
2006, 3
2007, 9
2008, 2
2009, 3
2010, 1
2011, 1
2012, 7
2013, 6
2014, 6
2015, 2
2016, 7
2017, 1
2018, 9
2019, 8
2020, 9
2021, 0
2022, 0
2023, 9
2024, 0
2025, 2
2026, 4
2027, 0
2028, 7
2029, 6
2030, 2
2031, 8
2032, 10
2033, 3
2034, 0
2035, 8
2036, 5
2037, 6
2038, 5
2039, 0
2040, 0
2041, 9
2042, 5
2043, 6
2044, 0
2045, 5
2046, 2
2047, 3
2048, 2
2049, 9
2050, 2
2051, 3
2052, 7
2053, 5
2054, 7
2055, 6
2056, 0
2057, 8
2058, 2
2059, 9
2060, 4
2061, 2
2062, 10
2063, 0
2064, 10
2065, 8
2066, 5
2067, 9
2068, 3
2069, 3
2070, 8
2071, 9
2072, 5
2073, 2
2074, 4
2075, 9
2076, 2
2077, 6
2078, 4
2079, 3
2080, 1
2081, 0
2082, 9
2083, 9
2084, 9
2085, 5
2086, 9
2087, 2
2088, 7
2089, 0
2090, 2
2091, 1
2092, 3
2093, 3
2094, 5
2095, 8
2096, 0
2097, 5
2098, 7
2099, 10
2100, 2
2101, 5
2102, 0
2103, 2
2104, 6
2105, 8
2106, 5
2107, 3
2108, 3
2109, 5
2110, 5
2111, 9
2112, 9
2113, 6
2114, 2
2115, 8
2116, 4
2117, 5
2118, 10
2119, 10
2120, 9
2121, 2
2122, 9
2123, 10
2124, 5
2125, 3
2126, 9
2127, 4
2128, 7
2129, 10
2130, 6
2131, 9
2132, 9
2133, 10
2134, 3
2135, 5
2136, 8
2137, 6
2138, 6
2139, 1
2140, 2
2141, 0
2142, 4
2143, 6
2144, 6
2145, 4
2146, 0
2147, 3
2148, 4
2149, 8
2150, 2
2151, 2
2152, 8
2153, 6
2154, 1
2155, 6
2156, 10
2157, 3
2158, 5
2159, 5
2160, 3
2161, 0
2162, 3
2163, 8
2164, 10
2165, 2
2166, 2
2167, 10
2168, 6
2169, 2
2170, 5
2171, 7
2172, 9
2173, 5
2174, 0
2175, 3
2176, 5
2177, 6
2178, 6
2179, 4
2180, 4
2181, 5
2182, 9
2183, 6
2184, 9
2185, 9
2186, 6
2187, 3
2188, 4
2189, 4
2190, 10
2191, 9
2192, 5
2193, 2
2194, 0
2195, 2
2196, 9
2197, 8
2198, 4
2199, 5
2200, 4
2201, 2
2202, 4
2203, 5
2204, 0
2205, 9
2206, 0
2207, 2
2208, 0
2209, 2
2210, 2
2211, 10
2212, 0
2213, 4
2214, 2
2215, 5
2216, 8
2217, 6
2218, 8
2219, 9
2220, 0
2221, 4
2222, 6
2223, 1
2224, 2
2225, 1
2226, 2
2227, 2
2228, 3
2229, 9
2230, 0
2231, 2
2232, 3
2233, 8
2234, 6
2235, 6
2236, 10
2237, 2
2238, 4
2239, 5
2240, 10
2241, 3
2242, 0
2243, 2
2244, 9
2245, 9
2246, 9
2247, 2
2248, 8
2249, 4
2250, 7
2251, 4
2252, 0
2253, 6
2254, 2
2255, 10
2256, 1
2257, 2
2258, 2
2259, 2
2260, 4
2261, 5
2262, 6
2263, 5
2264, 10
2265, 4
2266, 10
2267, 7
2268, 4
2269, 2
2270, 8
2271, 9
2272, 2
2273, 2
2274, 8
2275, 9
2276, 2
2277, 8
2278, 4
2279, 8
2280, 5
2281, 1
2282, 3
2283, 3
2284, 2
2285, 2
2286, 2
2287, 0
2288, 9
2289, 8
2290, 2
2291, 0
2292, 10
2293, 0
2294, 2
2295, 2
2296, 7
2297, 5
2298, 2
2299, 8
2300, 4
2301, 9
2302, 8
2303, 6
2304, 1
2305, 5
2306, 9
2307, 2
2308, 10
2309, 1
2310, 5
2311, 5
2312, 5
2313, 1
2314, 2
2315, 2
2316, 8
2317, 4
2318, 9
2319, 9
2320, 2
2321, 2
2322, 5
2323, 8
2324, 9
2325, 2
2326, 2
2327, 0
2328, 0
2329, 6
2330, 5
2331, 4
2332, 4
2333, 6
2334, 5
2335, 2
2336, 4
2337, 2
2338, 0
2339, 2
2340, 10
2341, 6
2342, 2
2343, 9
2344, 5
2345, 8
2346, 8
2347, 7
2348, 5
2349, 3
2350, 8
2351, 0
2352, 7
2353, 9
2354, 4
2355, 3
2356, 4
2357, 6
2358, 2
2359, 6
2360, 8
2361, 7
2362, 3
2363, 2
2364, 3
2365, 6
2366, 2
2367, 7
2368, 5
2369, 6
2370, 2
2371, 6
2372, 5
2373, 7
2374, 5
2375, 2
2376, 2
2377, 8
2378, 2
2379, 6
2380, 9
2381, 2
2382, 9
2383, 4
2384, 10
2385, 4
2386, 0
2387, 4
2388, 3
2389, 0
2390, 4
2391, 10
2392, 4
2393, 3
2394, 2
2395, 5
2396, 6
2397, 1
2398, 5
2399, 3
2400, 5
2401, 2
2402, 1
2403, 2
2404, 9
2405, 10
2406, 9
2407, 8
2408, 6
2409, 3
2410, 5
2411, 2
2412, 8
2413, 9
2414, 8
2415, 2
2416, 2
2417, 3
2418, 0
2419, 2
2420, 5
2421, 5
2422, 9
2423, 5
2424, 9
2425, 5
2426, 10
2427, 2
2428, 7
2429, 6
2430, 5
2431, 4
2432, 8
2433, 5
2434, 5
2435, 2
2436, 5
2437, 3
2438, 9
2439, 9
2440, 8
2441, 9
2442, 8
2443, 1
2444, 4
2445, 9
2446, 5
2447, 8
2448, 0
2449, 5
2450, 6
2451, 8
2452, 6
2453, 7
2454, 4
2455, 7
2456, 8
2457, 10
2458, 0
2459, 2
2460, 10
2461, 0
2462, 5
2463, 5
2464, 9
2465, 2
2466, 9
2467, 8
2468, 3
2469, 1
2470, 9
2471, 6
2472, 6
2473, 6
2474, 8
2475, 7
2476, 7
2477, 5
2478, 10
2479, 8
2480, 4
2481, 0
2482, 8
2483, 2
2484, 2
2485, 7
2486, 10
2487, 3
2488, 9
2489, 6
2490, 4
2491, 9
2492, 2
2493, 5
2494, 2
2495, 5
2496, 9
2497, 2
2498, 4
2499, 5
2500, 2
2501, 8
2502, 5
2503, 5
2504, 5
2505, 9
2506, 3
2507, 5
2508, 0
2509, 8
2510, 10
2511, 2
2512, 3
2513, 0
2514, 9
2515, 4
2516, 2
2517, 5
2518, 6
2519, 2
2520, 8
2521, 5
2522, 8
2523, 9
2524, 9
2525, 8
2526, 9
2527, 5
2528, 4
2529, 8
2530, 9
2531, 9
2532, 5
2533, 5
2534, 10
2535, 4
2536, 3
2537, 8
2538, 9
2539, 5
2540, 3
2541, 9
2542, 9
2543, 2
2544, 3
2545, 9
2546, 4
2547, 2
2548, 9
2549, 10
2550, 10
2551, 5
2552, 8
2553, 5
2554, 0
2555, 2
2556, 2
2557, 2
2558, 8
2559, 4
2560, 5
2561, 2
2562, 0
2563, 8
2564, 9
2565, 8
2566, 1
2567, 5
2568, 2
2569, 5
2570, 9
2571, 10
2572, 2
2573, 5
2574, 9
2575, 9
2576, 5
2577, 9
2578, 10
2579, 2
2580, 8
2581, 3
2582, 9
2583, 9
2584, 6
2585, 0
2586, 9
2587, 0
2588, 0
2589, 4
2590, 5
2591, 0
2592, 2
2593, 5
2594, 1
2595, 10
2596, 8
2597, 9
2598, 3
2599, 3
2600, 10
2601, 7
2602, 2
2603, 5
2604, 3
2605, 9
2606, 8
2607, 6
2608, 5
2609, 10
2610, 0
2611, 4
2612, 3
2613, 5
2614, 5
2615, 5
2616, 2
2617, 6
2618, 2
2619, 10
2620, 10
2621, 9
2622, 2
2623, 5
2624, 2
2625, 9
2626, 9
2627, 9
2628, 3
2629, 2
2630, 9
2631, 2
2632, 8
2633, 0
2634, 6
2635, 7
2636, 9
2637, 7
2638, 5
2639, 4
2640, 2
2641, 5
2642, 8
2643, 1
2644, 10
2645, 6
2646, 8
2647, 2
2648, 9
2649, 3
2650, 4
2651, 5
2652, 3
2653, 1
2654, 2
2655, 10
2656, 0
2657, 8
2658, 5
2659, 9
2660, 9
2661, 7
2662, 6
2663, 3
2664, 4
2665, 2
2666, 2
2667, 10
2668, 9
2669, 0
2670, 9
2671, 5
2672, 6
2673, 2
2674, 6
2675, 5
2676, 9
2677, 7
2678, 4
2679, 0
2680, 4
2681, 3
2682, 10
2683, 8
2684, 9
2685, 0
2686, 6
2687, 2
2688, 5
2689, 5
2690, 9
2691, 5
2692, 1
2693, 0
2694, 3
2695, 9
2696, 2
2697, 2
2698, 4
2699, 10
2700, 6
2701, 2
2702, 5
2703, 3
2704, 10
2705, 9
2706, 3
2707, 9
2708, 3
2709, 5
2710, 9
2711, 4
2712, 3
2713, 4
2714, 10
2715, 9
2716, 2
2717, 0
2718, 0
2719, 2
2720, 9
2721, 10
2722, 8
2723, 7
2724, 2
2725, 9
2726, 6
2727, 2
2728, 5
2729, 8
2730, 0
2731, 0
2732, 0
2733, 1
2734, 9
2735, 9
2736, 2
2737, 10
2738, 9
2739, 2
2740, 3
2741, 5
2742, 9
2743, 5
2744, 6
2745, 1
2746, 8
2747, 2
2748, 10
2749, 2
2750, 8
2751, 0
2752, 5
2753, 0
2754, 5
2755, 0
2756, 5
2757, 5
2758, 9
2759, 10
2760, 7
2761, 4
2762, 4
2763, 3
2764, 2
2765, 2
2766, 6
2767, 4
2768, 10
2769, 2
2770, 6
2771, 7
2772, 2
2773, 8
2774, 3
2775, 4
2776, 5
2777, 4
2778, 1
2779, 8
2780, 5
2781, 0
2782, 9
2783, 5
2784, 8
2785, 2
2786, 1
2787, 9
2788, 7
2789, 5
2790, 5
2791, 6
2792, 9
2793, 8
2794, 2
2795, 8
2796, 4
2797, 2
2798, 2
2799, 9
2800, 6
2801, 0
2802, 2
2803, 0
2804, 0
2805, 10
2806, 10
2807, 8
2808, 5
2809, 9
2810, 9
2811, 2
2812, 8
2813, 8
2814, 2
2815, 10
2816, 9
2817, 2
2818, 0
2819, 2
2820, 5
2821, 5
2822, 9
2823, 5
2824, 9
2825, 5
2826, 2
2827, 4
2828, 1
2829, 5
2830, 5
2831, 9
2832, 0
2833, 0
2834, 5
2835, 2
2836, 2
2837, 4
2838, 5
2839, 5
2840, 4
2841, 6
2842, 2
2843, 3
2844, 2
2845, 8
2846, 3
2847, 9
2848, 5
2849, 10
2850, 3
2851, 0
2852, 0
2853, 2
2854, 6
2855, 2
2856, 10
2857, 10
2858, 8
2859, 4
2860, 2
2861, 9
2862, 0
2863, 0
2864, 9
2865, 5
2866, 10
2867, 9
2868, 6
2869, 5
2870, 4
2871, 8
2872, 3
2873, 2
2874, 2
2875, 3
2876, 8
2877, 9
2878, 0
2879, 2
2880, 2
2881, 3
2882, 6
2883, 8
2884, 4
2885, 9
2886, 3
2887, 2
2888, 10
2889, 10
2890, 9
2891, 8
2892, 3
2893, 3
2894, 2
2895, 2
2896, 9
2897, 8
2898, 9
2899, 2
2900, 9
2901, 10
2902, 8
2903, 3
2904, 6
2905, 9
2906, 4
2907, 2
2908, 2
2909, 0
2910, 9
2911, 5
2912, 4
2913, 5
2914, 9
2915, 8
2916, 2
2917, 3
2918, 8
2919, 5
2920, 5
2921, 3
2922, 5
2923, 1
2924, 3
2925, 8
2926, 1
2927, 0
2928, 4
2929, 9
2930, 7
2931, 0
2932, 10
2933, 9
2934, 9
2935, 8
2936, 7
2937, 2
2938, 5
2939, 8
2940, 1
2941, 0
2942, 5
2943, 2
2944, 5
2945, 3
2946, 9
2947, 4
2948, 0
2949, 10
2950, 3
2951, 2
2952, 0
2953, 3
2954, 2
2955, 3
2956, 8
2957, 2
2958, 3
2959, 8
2960, 4
2961, 4
2962, 9
2963, 9
2964, 0
2965, 3
2966, 7
2967, 4
2968, 2
2969, 2
2970, 10
2971, 8
2972, 9
2973, 4
2974, 5
2975, 5
2976, 5
2977, 4
2978, 10
2979, 4
2980, 8
2981, 4
2982, 2
2983, 2
2984, 7
2985, 1
2986, 3
2987, 8
2988, 7
2989, 9
2990, 10
2991, 5
2992, 5
2993, 7
2994, 9
2995, 9
2996, 5
2997, 2
2998, 5
2999, 8
3000, 2
3001, 9
3002, 1
3003, 5
3004, 5
3005, 4
3006, 10
3007, 2
3008, 0
3009, 10
3010, 2
3011, 9
3012, 6
3013, 9
3014, 3
3015, 1
3016, 0
3017, 5
3018, 5
3019, 5
3020, 6
3021, 0
3022, 5
3023, 4
3024, 4
3025, 4
3026, 6
3027, 2
3028, 10
3029, 3
3030, 0
3031, 6
3032, 9
3033, 5
3034, 2
3035, 10
3036, 2
3037, 3
3038, 10
3039, 4
3040, 3
3041, 9
3042, 10
3043, 2
3044, 1
3045, 2
3046, 4
3047, 1
3048, 5
3049, 5
3050, 2
3051, 7
3052, 8
3053, 10
3054, 6
3055, 9
3056, 2
3057, 9
3058, 4
3059, 10
3060, 2
3061, 0
3062, 7
3063, 9
3064, 0
3065, 9
3066, 6
3067, 2
3068, 10
3069, 5
3070, 3
3071, 5
3072, 3
3073, 5
3074, 2
3075, 3
3076, 8
3077, 3
3078, 0
3079, 5
3080, 2
3081, 10
3082, 9
3083, 1
3084, 2
3085, 3
3086, 5
3087, 2
3088, 6
3089, 3
3090, 9
3091, 5
3092, 9
3093, 9
3094, 3
3095, 4
3096, 9
3097, 5
3098, 3
3099, 4
3100, 2
3101, 9
3102, 2
3103, 8
3104, 8
3105, 3
3106, 0
3107, 9
3108, 6
3109, 5
3110, 9
3111, 9
3112, 5
3113, 5
3114, 9
3115, 9
3116, 1
3117, 8
3118, 6
3119, 6
3120, 5
3121, 9
3122, 5
3123, 4
3124, 8
3125, 3
3126, 8
3127, 5
3128, 7
3129, 5
3130, 7
3131, 5
3132, 4
3133, 3
3134, 5
3135, 4
3136, 4
3137, 9
3138, 2
3139, 5
3140, 5
3141, 6
3142, 9
3143, 9
3144, 10
3145, 8
3146, 1
3147, 10
3148, 6
3149, 4
3150, 5
3151, 5
3152, 5
3153, 0
3154, 9
3155, 9
3156, 0
3157, 9
3158, 4
3159, 9
3160, 6
3161, 1
3162, 3
3163, 10
3164, 9
3165, 4
3166, 9
3167, 9
3168, 2
3169, 0
3170, 2
3171, 9
3172, 0
3173, 7
3174, 3
3175, 7
3176, 10
3177, 4
3178, 6
3179, 0
3180, 6
3181, 6
3182, 9
3183, 8
3184, 1
3185, 8
3186, 9
3187, 8
3188, 5
3189, 6
3190, 3
3191, 3
3192, 5
3193, 4
3194, 5
3195, 4
3196, 10
3197, 8
3198, 2
3199, 3
3200, 10
3201, 3
3202, 10
3203, 9
3204, 6
3205, 10
3206, 10
3207, 6
3208, 0
3209, 5
3210, 4
3211, 5
3212, 9
3213, 2
3214, 6
3215, 9
3216, 9
3217, 2
3218, 8
3219, 9
3220, 9
3221, 9
3222, 0
3223, 2
3224, 3
3225, 0
3226, 9
3227, 9
3228, 4
3229, 2
3230, 0
3231, 2
3232, 8
3233, 5
3234, 7
3235, 5
3236, 0
3237, 6
3238, 3
3239, 5
3240, 9
3241, 10
3242, 6
3243, 8
3244, 3
3245, 6
3246, 10
3247, 3
3248, 9
3249, 0
3250, 10
3251, 5
3252, 2
3253, 6
3254, 8
3255, 9
3256, 0
3257, 8
3258, 5
3259, 5
3260, 9
3261, 5
3262, 3
3263, 3
3264, 6
3265, 5
3266, 9
3267, 8
3268, 4
3269, 6
3270, 5
3271, 4
3272, 9
3273, 10
3274, 4
3275, 8
3276, 5
3277, 5
3278, 3
3279, 9
3280, 6
3281, 10
3282, 9
3283, 2
3284, 9
3285, 1
3286, 7
3287, 3
3288, 4
3289, 2
3290, 7
3291, 9
3292, 10
3293, 2
3294, 10
3295, 6
3296, 8
3297, 10
3298, 9
3299, 7
3300, 5
3301, 9
3302, 2
3303, 0
3304, 10
3305, 2
3306, 3
3307, 2
3308, 2
3309, 2
3310, 1
3311, 9
3312, 9
3313, 1
3314, 8
3315, 2
3316, 4
3317, 9
3318, 3
3319, 3
3320, 1
3321, 4
3322, 8
3323, 5
3324, 2
3325, 2
3326, 5
3327, 5
3328, 10
3329, 4
3330, 10
3331, 9
3332, 8
3333, 8
3334, 4
3335, 5
3336, 9
3337, 10
3338, 8
3339, 5
3340, 0
3341, 4
3342, 2
3343, 10
3344, 5
3345, 0
3346, 9
